model,accuracy,precision,recall,f1,avg_latency_ms
fastvlm,0.325,0.24964285714285717,0.325,0.25807656395891687,1668.9796149730682
qwen4b,0.475,0.5222288676236044,0.475,0.4626949917898194,4856.5271854400635
qwen8b,0.4,0.38813025210084034,0.4,0.3548280423280423,5441.447114944458
videollama3,0.325,0.5505952380952381,0.32499999999999996,0.3111852028260697,629.2701184749603
